Filenames,Count
100.jpg,4
101.jpg,1
102.jpg,6
103.jpg,6
104.jpg,3
105.jpg,6
106.jpg,1
107.jpg,6
108.jpg,1
109.jpg,5
110.jpg,3
111.jpg,3
112.jpg,1
113.jpg,3
114.jpg,4
115.jpg,1
116.jpg,6
117.jpg,6
118.jpg,2
119.jpg,1
120.jpg,3
121.jpg,4
122.jpg,4
123.jpg,5
124.jpg,3
125.jpg,1
126.jpg,2
127.jpg,5
128.jpg,3
129.jpg,5
130.jpg,1
131.jpg,6
132.jpg,6
133.jpg,1
134.jpg,6
135.jpg,3
136.jpg,1
137.jpg,5
138.jpg,4
139.jpg,4
140.jpg,6
141.jpg,5
142.jpg,3
143.jpg,5
144.jpg,5
145.jpg,2
146.jpg,3
147.jpg,4
148.jpg,1
149.jpg,4
150.jpg,6
151.jpg,6
152.jpg,4
153.jpg,6
154.jpg,5
155.jpg,4
156.jpg,3
157.jpg,3
158.jpg,4
159.jpg,4
160.jpg,6
161.jpg,5
162.jpg,2
163.jpg,5
164.jpg,2
165.jpg,2
166.jpg,4
167.jpg,5
168.jpg,2
169.jpg,1
170.jpg,2
171.jpg,6
172.jpg,2
173.jpg,3
174.jpg,5
175.jpg,3
176.jpg,4
177.jpg,2
178.jpg,1
179.jpg,2
180.jpg,3
181.jpg,4
182.jpg,4
183.jpg,2
184.jpg,1
185.jpg,3
186.jpg,3
187.jpg,4
188.jpg,6
189.jpg,3
190.jpg,5
191.jpg,4
192.jpg,1
193.jpg,6
194.jpg,1
195.jpg,3
196.jpg,2
197.jpg,6
198.jpg,1
199.jpg,5
200.jpg,3
201.jpg,1
202.jpg,4
203.jpg,4
204.jpg,5
205.jpg,4
206.jpg,5
207.jpg,1
208.jpg,2
209.jpg,5
210.jpg,1
211.jpg,2
212.jpg,5
213.jpg,3
214.jpg,4
215.jpg,2
216.jpg,6
217.jpg,1
218.jpg,4
219.jpg,6
220.jpg,1
221.jpg,4
222.jpg,4
223.jpg,3
224.jpg,5
225.jpg,6
226.jpg,2
227.jpg,1
228.jpg,4
229.jpg,6
230.jpg,4
231.jpg,2
232.jpg,5
233.jpg,6
234.jpg,6
235.jpg,6
236.jpg,3
237.jpg,2
238.jpg,6
239.jpg,3
240.jpg,5
241.jpg,1
242.jpg,2
243.jpg,6
244.jpg,5
245.jpg,1
246.jpg,3
247.jpg,2
248.jpg,2
249.jpg,5
250.jpg,3
251.jpg,6
252.jpg,4
253.jpg,4
254.jpg,3
255.jpg,1
256.jpg,1
257.jpg,3
258.jpg,5
259.jpg,4
260.jpg,3
261.jpg,1
262.jpg,6
263.jpg,1
264.jpg,1
265.jpg,3
266.jpg,2
267.jpg,2
268.jpg,5
269.jpg,6
270.jpg,1
271.jpg,4
272.jpg,4
273.jpg,1
274.jpg,5
275.jpg,4
276.jpg,6
277.jpg,3
278.jpg,6
279.jpg,2
280.jpg,5
281.jpg,1
282.jpg,2
283.jpg,5
284.jpg,4
285.jpg,4
286.jpg,4
287.jpg,1
288.jpg,5
289.jpg,4
290.jpg,2
291.jpg,4
292.jpg,5
293.jpg,1
294.jpg,5
295.jpg,6
296.jpg,1
297.jpg,2
298.jpg,1
299.jpg,1
300.jpg,6
301.jpg,2
302.jpg,4
303.jpg,2
304.jpg,4
305.jpg,1
306.jpg,5
307.jpg,4
308.jpg,3
309.jpg,3
310.jpg,6
311.jpg,4
312.jpg,1
313.jpg,4
314.jpg,6
315.jpg,2
316.jpg,1
317.jpg,6
318.jpg,3
319.jpg,2
320.jpg,1
321.jpg,6
322.jpg,2
323.jpg,4
324.jpg,4
325.jpg,5
326.jpg,3
327.jpg,1
328.jpg,6
329.jpg,5
330.jpg,1
331.jpg,6
332.jpg,3
333.jpg,3
334.jpg,4
335.jpg,4
336.jpg,4
337.jpg,5
338.jpg,6
339.jpg,6
340.jpg,4
341.jpg,5
342.jpg,6
343.jpg,1
344.jpg,1
345.jpg,1
346.jpg,1
347.jpg,3
348.jpg,3
349.jpg,1
350.jpg,1
351.jpg,4
352.jpg,4
353.jpg,1
354.jpg,4
355.jpg,2
356.jpg,1
357.jpg,4
358.jpg,4
359.jpg,4
360.jpg,1
361.jpg,3
362.jpg,6
363.jpg,1
364.jpg,3
365.jpg,2
366.jpg,6
367.jpg,6
368.jpg,5
369.jpg,6
370.jpg,4
371.jpg,6
372.jpg,5
373.jpg,1
374.jpg,3
375.jpg,2
376.jpg,5
377.jpg,3
378.jpg,4
379.jpg,6
380.jpg,2
381.jpg,1
382.jpg,2
383.jpg,1
384.jpg,3
385.jpg,4
386.jpg,1
387.jpg,5
388.jpg,5
389.jpg,2
390.jpg,4
391.jpg,5
392.jpg,6
393.jpg,3
394.jpg,5
395.jpg,6
396.jpg,3
397.jpg,3
398.jpg,2
399.jpg,3
400.jpg,6
401.jpg,3
402.jpg,4
403.jpg,4
404.jpg,4
405.jpg,1
406.jpg,4
407.jpg,1
408.jpg,2
409.jpg,4
410.jpg,5
411.jpg,6
412.jpg,3
413.jpg,2
414.jpg,1
415.jpg,4
416.jpg,3
417.jpg,3
418.jpg,5
419.jpg,6
420.jpg,2
421.jpg,1
422.jpg,3
423.jpg,3
424.jpg,2
425.jpg,2
426.jpg,1
427.jpg,2
428.jpg,5
429.jpg,6
430.jpg,6
431.jpg,2
432.jpg,1
433.jpg,1
434.jpg,3
435.jpg,1
436.jpg,6
437.jpg,3
438.jpg,2
439.jpg,1
440.jpg,3
441.jpg,3
442.jpg,5
443.jpg,3
444.jpg,1
445.jpg,3
446.jpg,2
447.jpg,5
448.jpg,5
449.jpg,4
450.jpg,4
451.jpg,6
452.jpg,2
453.jpg,3
454.jpg,4
455.jpg,2
456.jpg,5
457.jpg,4
458.jpg,1
459.jpg,2
460.jpg,6
461.jpg,5
462.jpg,2
463.jpg,3
464.jpg,3
465.jpg,4
466.jpg,3
467.jpg,3
468.jpg,4
469.jpg,1
470.jpg,1
471.jpg,5
472.jpg,3
473.jpg,3
474.jpg,1
475.jpg,4
476.jpg,4
477.jpg,3
478.jpg,4
479.jpg,3
480.jpg,2
481.jpg,6
482.jpg,1
483.jpg,5
484.jpg,3
485.jpg,5
486.jpg,2
487.jpg,5
488.jpg,6
489.jpg,3
490.jpg,6
491.jpg,2
492.jpg,1
493.jpg,5
494.jpg,5
495.jpg,5
496.jpg,4
497.jpg,3
498.jpg,5
499.jpg,2
500.jpg,3
501.jpg,3
502.jpg,3
503.jpg,5
504.jpg,5
505.jpg,5
506.jpg,3
507.jpg,3
508.jpg,4
509.jpg,6
510.jpg,6
511.jpg,6
512.jpg,4
513.jpg,4
514.jpg,2
515.jpg,5
516.jpg,5
517.jpg,6
518.jpg,4
519.jpg,5
520.jpg,3
521.jpg,1
522.jpg,2
523.jpg,2
524.jpg,2
525.jpg,6
526.jpg,3
527.jpg,3
528.jpg,5
529.jpg,2
530.jpg,1
531.jpg,4
532.jpg,4
533.jpg,6
534.jpg,5
535.jpg,2
536.jpg,6
537.jpg,4
538.jpg,5
539.jpg,6
540.jpg,4
541.jpg,1
542.jpg,5
543.jpg,5
544.jpg,4
545.jpg,4
546.jpg,1
547.jpg,3
548.jpg,5
549.jpg,2
550.jpg,5
551.jpg,4
552.jpg,3
553.jpg,3
554.jpg,6
555.jpg,4
556.jpg,6
557.jpg,1
558.jpg,3
559.jpg,1
560.jpg,1
561.jpg,6
562.jpg,4
563.jpg,5
564.jpg,6
565.jpg,2
566.jpg,1
567.jpg,4
568.jpg,4
569.jpg,6
570.jpg,2
571.jpg,1
572.jpg,2
573.jpg,6
574.jpg,6
575.jpg,4
576.jpg,6
577.jpg,3
578.jpg,2
579.jpg,1
580.jpg,4
581.jpg,4
582.jpg,4
583.jpg,2
584.jpg,1
585.jpg,5
586.jpg,5
587.jpg,1
588.jpg,3
589.jpg,3
590.jpg,3
591.jpg,2
592.jpg,6
593.jpg,2
594.jpg,4
595.jpg,4
596.jpg,3
597.jpg,1
598.jpg,5
599.jpg,4
